title,body,rating,sentiment,predicted,prob_pos,prob_neu,prob_neg
Der var service pÃ¥ i dag,"Der var service pÃ¥ i dag, det var dejligt.  SÃ¥Ã¥Ã¥ hurtig levering :-)",5,positive,positive,0.999,0.001,0.001
Et af verdens ringeste kurÃ©r firmaer,"Hvorfor i alverden man vÃ¦lger at drive et verdens omspÃ¦ndende kurÃ©r/fragt firma nÃ¥r man sÃ¥ tydeligt ikke kan foredrage eller finde ud af at levere pakker til kunderne det forstÃ¥r jeg simpelthen ikke.Har nu 4 gange forsÃ¸gt at fÃ¥ leveret en pakke ud til min kÃ¦restes adresse, og de 1-2 gange afleverer de ikke nogen seddel eller andet om at de har vÃ¦ret der. Den 3 gang aftales det at pakken istedet skal afleveres hos hendes forÃ¦ldre (hvor der er nogen hjemme hele dagen) OG at pakken mÃ¥ stilles ved trappen HVIS der ikke var nogen hjemme: alligevel bliver pakken IKKE leveret denne gang heller. Nu prÃ¸ver vi sÃ¥ igen pÃ¥ mandag, hvor der nu ogsÃ¥ skal hÃ¦nge en seddel pÃ¥ dÃ¸ren til chauffÃ¸ren om at pakken mÃ¥ stilles ved trappen (jeg ved sÃ¥ ikke hvorfor jeg allerede HAR givet den oplysning til fedEx manden) Det er kraftedeme for ringe at man ikke kan fÃ¥ dem til at ringe eller sms inden de ankommer, men ""forklaringen"" er at""..vores chauffÃ¸rer har ikke telefoner med i lastbilen"" Gu fanden har de sq da sÃ¥, der er da for helvede ikke nogen voksen mand/kvinde i dagens Danmark der er i arbejde og som ikke har en telefon.  Kan I ikke selv se at der mÃ¥ kunne spares millioner ved at man undgÃ¥r at kÃ¸re forgÃ¦ves ud med den samme pakke 4 gange UDEN at man forsÃ¸ge kontakt til kunden?? Der findes et ordsprog i retning af ""Det er kun en idiot som gÃ¸r det samme hver gang, men som hver gang forventer et nyt resultat"", det mÃ¥ vÃ¦re FedEx og andre man har haft i tankerne da man nedfÃ¦ldede det pÃ¥ papir.",2,negative,neutral,0.003,0.994,0.003
Rigtig god information om leveringğŸ˜ƒ,Rigtig god information om leveringğŸ˜ƒ,5,positive,positive,0.927,0.072,0.001
Meget hjÃ¦lpsom chauffÃ¸r,Meget hjÃ¦lpsom chauffÃ¸r. Pakken kom til den aftalte tid.,5,positive,positive,0.981,0.017,0.003
Pakken kom fuldstÃ¦ndig som forventet.,Pakken kom fuldstÃ¦ndig som forventet.,3,neutral,neutral,0.023,0.964,0.014
De burde stoppe i branchen...,"De burde gÃ¥ ud af branchen. Jeg skyr bestilling online, hvis de leverer med ups. Jeg har kun oplevet at de ikke leverer, hvor de skal og desuden pÃ¥ Pick points lÃ¦ngere vÃ¦k fra hjemmet end dem, der reelt findes i nÃ¦rheden ifÃ¸lge deres lister. DesvÃ¦rre oversÃ¥ jeg nu, da jeg betalte for express levering, at det sÃ¥ blev med ups. Jeg blev blot bekrÃ¦ftet i de dÃ¥rlige oplevelser de tidligere har givet mig. Det er virkelig ups: hjemmelevering er blevet til leveret pÃ¥ pick up point trods bestilling til hjemadresse. Jeg kunne bÃ¦re over med det, hvis det var en engangsforeteelse men de er konsekvent dÃ¥rlige til bÃ¥de levering og dem derefter fÃ¸lgende hÃ¥ndtering.Jeg har vÃ¦ret hjemme hele dagen og ikke hÃ¸rt en lyd. De har simpelthen ikke vÃ¦ret her. Jeg har siddet og ventet forgÃ¦ves - det er sÃ¥ frustrerende spild af tid.For min sÃ¥kaldte expres levering tager det nu yderligere 2-3 dage, at fÃ¥ det jeg har betalt for: hjemmelevering.Katastrofalt dÃ¥rlige til deres business omrÃ¥de, katastrofalt dÃ¥rlige flows pÃ¥ websitet, katastrofalt dÃ¥rlige hele vejen. Lad GLS, Post Nord, Bring eller andre lignende selskaber overtage forretningen, de kan i det mindste dette!",1,negative,negative,0.003,0.023,0.974
Afleverer ikke,"Afleverer ikke, da de ikke tror adressen er korrekt, men ringer ikke og spÃ¸rger. FÃ¸rst da jeg selv kigger pÃ¥ nettet om levering, at der stÃ¥r den alligevel ikke bliver afleveret den dag. Ufattelig irriterende nÃ¥r man i forvejen skulle blive hjemme HELE dagen, for at modtage den. Nu forlanger de sÃ¥, at man skal kunne blive hjemme en dag mere. Ufattelig dÃ¥rlig, at man ikke engang kan fÃ¥ et 3 timers vindue. Ved afhentning af pakke ringer fÃ¸rst kontoret og senere chauffÃ¸ren og spÃ¸rger om det er i orden de kommer for sent til afhentning - NÃ¥r jeg har sagt nej en gang, sÃ¥ er det et nej, ufattelig uprofessionelt!Har pÃ¥ ingen mÃ¥de fÃ¥et en god eller professionel oplevelse af UPS, selv post danmark er bedre.",1,negative,negative,0.001,0.001,0.998
Hurtig levering,"Hurtig levering, og pakken stod pÃ¦nt hvor vi havde aftalt, da vi ikke var hjemme og kunne modtage den",4,positive,positive,0.989,0.01,0.001
LODRET LÃ˜GN,"Ups har ikke vÃ¦ret pÃ¥ adressen, men skriver at pakke er forsÃ¸gt afleveret og der ikke var nogen til at tage imod den.....PROBLEMET ER AT UPS SLET IKKE HAR VÃ†RET PÃ… ADRESSEN!!!",1,negative,negative,0.007,0.011,0.982
Alt gik som det skulle ğŸ‘,Alt gik som det skulle ğŸ‘,5,positive,neutral,0.475,0.522,0.003
Hurtig levering og jeg er meget gladâ€¦,Hurtig levering og jeg er meget glad for muligheden for at vÃ¦lge at fÃ¥ pakken sat udenfor dÃ¸ren :-),5,positive,positive,0.999,0.001,0.0
Blev bare sat foran dÃ¸ren og besked omâ€¦,"Blev bare sat foran dÃ¸ren og besked om stod der dukkede fÃ¸rst op lÃ¦nge efter blev sat der. Ikke sÃ¦rlig sikkert, der blev ikke forsÃ¸gt at ringe pÃ¥.",2,negative,negative,0.023,0.238,0.739
FÃ¥r ingen pakker til Faroe Island,FÃ¥r ingen pakker til Faroe Island2 gange uha ikke normaltHvad med fragtpengene,1,negative,neutral,0.006,0.936,0.058
den kom hurtigt,den kom hurtigt,5,positive,neutral,0.013,0.987,0.001
Alt fint,Alt fint. Har fÃ¥et fÃ¸rste del af min bestilling. Hurtig levering.,5,positive,positive,0.993,0.006,0.001
Hurtig levering til det sted man bederâ€¦,Hurtig levering til det sted man beder om.,5,positive,positive,0.965,0.032,0.004
mest uhÃ¸flige kundeservice,"jeg har haft en pakke pÃ¥ vej den ankom til deres center d.11 af en eller anden Ã¥rsag kan min pakke fÃ¸rst blive leveret d.13 inden kl 21.00.. jeg venter sÃ¥ hele dagen d.13 men sÃ¥ kl 17 bliver den Ã¦ndret til ""emergency situation"" og stÃ¥r nu som i transit. Jeg ringer sÃ¥ idag d.14 for at forhÃ¸re mig og at jeg ik mener det kan vÃ¦re rigtig at min pakke har vÃ¦ret hos dem siden d.11 og at jeg ik modtog den igÃ¥r. Her for jeg sÃ¥ en medarbejder efter at have vente i +30 min i rÃ¸ret  som nÃ¦rmest lyder som det er irreterende at jeg ringer... jeg lÃ¦ser mig tracking nummer op som  Ã¥benbart er meget besvÃ¦rligt for hende....som bare siger at det ved hun ik noget om og i hendes system stÃ¥r den som levering idag indtil kl 19.00 jeg spÃ¸rg hende sÃ¥ om hun ka fortÃ¦lle at den nu ik blive Ã¦ndret igen.. sÃ¥ begynder hun med at det ved hun ik noget om og at hun ik ved sÃ¦rlig meget  og jeg fortÃ¦ller hende at de har haft min pakke siden d.11 og at det ik kan vÃ¦re rigtig hun bliver mere s og mere uhÃ¸flig og  begynder at bortforklare det hele jeg prÃ¸ver igen at fortÃ¦lle ja jeg forstÃ¥r at der er corona men at i igÃ¥r skrev at den ville blive leveret sÃ¥ mÃ¥ man vel gÃ¥ udfra at den bliver leveret nÃ¥r den er i bilen det ka corona jo ha ik have noget med at gÃ¸re nÃ¥r den er lagt ud til levering hun begynder bare at Ã¥nde hÃ¸jt i rÃ¸ret og nÃ¥r jeg spÃ¸rge hende ersiger hun bare Hvad? sÃ¥ bliver jeg sur jeg spÃ¸rg om jeg ka snakke med en supervisor men det nÃ¦gter hun, jeg spÃ¸rg efter hendes navn og id nummer i tilfÃ¦lde af de bruger det, sÃ¥ bliver hun sur igen  og siger hun allerede gav sit navn i starten af samtalen meget sur og irreteret.. jeg spÃ¸rg om hun ka stave det sÃ¥ staver hun det lynhurtigt jeg nÃ¥r kun de 2 fÃ¸rste bogstaver og spÃ¸rg igen og sÃ¥ smÃ¦kker hun pÃ¥",1,negative,neutral,0.011,0.838,0.151
Jeg har kun givet UPS en stjerne fordi,"Jeg har kun givet UPS en stjerne,  fordi 0 stjerner ikke er muligt.Baggrunden for denne bedÃ¸mmelse er fÃ¸lgende:Iflg. meddelelse fra UPS skulle jeg modtage en pakke fra Frankrig fredag d. 21. januar. Sidst pÃ¥ eftermiddagen fik jeg besked om, at pakken - uden held-  var forsÃ¸gt afleveret kl. 16.13. Jeg var hjemme hele eftermiddagen og har tjekket dÃ¸ralarmen, sÃ¥ budet har IKKE forsÃ¸gt aflevering!Jeg ringede flere gange til UPS og havde ogsÃ¥ en mailkorrespondance med dem. Det var vigtigt for mig at fÃ¥ pakken fredag, sÃ¥ jeg foreslog, at jeg gerne selv ville afhente pakken om aftenen i Glostrup. Af den sidste mail, som jeg modtog fremgik, at de ikke umiddelbart kunne finde pakken, da budet havde lÃ¦sset af et forkert  sted, men jeg kunne afhente pakken i Glostrup mandag. Mandag kl. ca. 12 mÃ¸dte jeg op i Glostrup og fik at vide, at pakken lÃ¥ pÃ¥ vognen til levering samme dag.Oplevelsen undervejs var, at der ikke var styr pÃ¥ noget. Ingen kunne hjÃ¦lpe mig!!I mellemtiden havde jeg fÃ¥et en mail fra leverandÃ¸ren i Frankrig, som fortalte mig, at de ville fÃ¥ pakken retur, fordi UPS havde forsÃ¸gt at aflevere pakke 3 (tre!!!) gange. Det fik jeg heldigvis afvÃ¦rget.Nu har jeg sÃ¥ fÃ¥et pakken, men en helt igennem NEGATIV OPLEVELSE!",1,negative,neutral,0.004,0.996,0.001
Meget upraktisk leverings firma,"Man har ingen indflydelse pÃ¥ leverings tidspunkt, ingen mulighed for levering i weekenden... Hvis du er heldig har de mÃ¥ske en afhentnings central i din landsdel.",1,negative,neutral,0.002,0.997,0.001
Alt gik som det skulle.,Alt gik som det skulle.,5,positive,neutral,0.025,0.943,0.031
Hurtig og venlig betjening hele vejen.,Hurtig og venlig betjening hele vejen.,5,positive,positive,0.996,0.002,0.002
UPS er blevet som PostNord var da deâ€¦,"UPS er blevet som PostNord var da de var pÃ¥ det dÃ¥rligste. De sender bare en sms, at de har vÃ¦ret forbi (DET HAR DE IKKE) og sÃ¥ kan du selv hente pakken efter. PrÃ¸ver du at ringe, kan du taste dig igennem en hel roman af afdelinger, for til sidst at der bare bliver lagt pÃ¥. AMATÃ˜RER - LUK BIKSEN!",1,negative,negative,0.028,0.105,0.867
Nemt og hurtigt.,Nemt og hurtigt.,5,positive,positive,0.915,0.066,0.018
Nemt og hurtigt,Nemt og hurtigt,5,positive,positive,0.874,0.117,0.008
Hurtig og sikker levering!,Hurtig og sikker levering!,5,positive,positive,0.993,0.006,0.001
Hurtig levering,Hurtig levering,5,positive,positive,0.953,0.045,0.002
Forsvundet pakke,"Bestilte en pakke 1 mÃ¥ned siden fra Brandy Melville, og den kom aldrig frem. FÃ¸rst sagde FedEx at der var for meget sne i Frankrig og at den derfor sad fast. Nu er der gÃ¥et flere uger og det viser sig at pakken er forsvundet.",1,negative,negative,0.019,0.46,0.521
Hurtigt levering!,Hurtigt levering!Fik det jeg kÃ¸bte,5,positive,positive,0.998,0.002,0.001
Ikke tilfreds..,"Ikke tilfreds... Har fÃ¥et to leveringer fra jer i denne uge... Begge gange var kasse og indhold smadret pga. dÃ¥rlig hÃ¥ndtering. ELENDIGT fragtfirma... Brug GLS istedet, der er aldrig problemer.",1,negative,negative,0.002,0.001,0.997
"UPS SÃ¦tter pakke ved postkasserne + ""UPS en pakke til din nabo"" + DÃ¥rlig kundecervice ""Du har jo skrevet under""","Jeg fik et par sko fra NIKE og havde for engangs skyld valgt at vÃ¦lge Levering ved *FordÃ¸r* selv om de normalt sÃ¦tter pakken foran dÃ¸ren uden man vÃ¦lger *fordÃ¸ren* Ups ringer pÃ¥ lejligheden og min far hÃ¸re ""UPS en pakke til din nabo"" lidt mÃ¦rkligt at sige det er til min nabo, men det er ikke dev vÃ¦rste! Min far venter pÃ¥ han kommer op da min far vidste det var til mig. Men efter han ikke er kommen op gÃ¥r min far ned til entreen og ser min pakke stÃ¥ under vores postkasser med et STORT NIKE logo sÃ¥ alle og enhver kan se der er verdi i! Han tager den op ringer til UPS og siger det ikke kan vÃ¦re rigtigt, men de siger bare ""du har jo skrevet under pÃ¥ han ikke behÃ¸vede aflevere den personligt.""   Meget skuffet over den service.",1,negative,neutral,0.136,0.554,0.31
Pakken skulle leveres til dÃ¸ren,"Pakken skulle leveres til dÃ¸ren. FÃ¥r fÃ¸rst en sms om at pakken er leveret i postkassen, men jeg ved at den er for stor til at vÃ¦re deri. DernÃ¦st en besked om at jeg kan hente den pÃ¥ posthuset. Jeg har vÃ¦ret hjemme hele dagen og der er ingen der har vÃ¦ret forbi.",1,negative,neutral,0.002,0.984,0.014
Fik besked fÃ¸r levering,"Fik besked fÃ¸r levering, med mulighed for at oplyse et sted, hvor pakken mÃ¥tte placeres, hvis man ikke var hjemme.",5,positive,neutral,0.002,0.998,0.001
Jeg har aldrig oplevet dÃ¥rligereâ€¦,"Jeg har aldrig oplevet dÃ¥rligere service..UPS skulle levere min pakke mandag. Sad hjemme hele dagen.  Der kommer ikke nogle. Spore min pakke og kan se den er leveret pÃ¥ et udleverings sted. Med besked om at jeg ikke var hjemme.Ringer til UPS og beder dem hente og levere pakker pÃ¥ min adr. Hvilket de godkender.  Sidder igen en hel dag hjemme og modtager sÃ¥ igen en sms om at jeg ikke har vÃ¦ret hjemme, sÃ¥ jeg kan hente den pÃ¥ udleverings stedet.Jeg kan se ud pÃ¥ vejen de har slet ikke vÃ¦ret her forbi.SeriÃ¸st den dÃ¥rligste og langsomste levering jeg nogle sinde har oplevet. ğŸ¤¬",1,negative,neutral,0.07,0.917,0.012
Manglende levering...,"Fik fÃ¸rst 1 dato, sÃ¥ en dato 2 dage senere. Fik en mail/sms dagen ml de 2 datoer, om at pakke ikke kunne leveres, da ingen hjemme, og der lÃ¥ en seddel i postkasse. Postnord har ikke vÃ¦ret pÃ¥ adressen, er kÃ¸rt forbi 2x hvor min far gik ved privatvej/have, og der lÃ¥ INGEN seddel i postkasse. MÃ¥tte hente pakken 35 km hjemmefra. Og sÃ¥ var pakken gÃ¥et i stykker i den ene ende.GÃ¸r alt for at slippe for postnord, medmindre Jeg kan hente det i ""postbutik""...",2,negative,neutral,0.005,0.941,0.053
Hurtigt og effektivt,Hurtigt og effektivt. En smilende post-chauffÃ¸rğŸ˜Š,5,positive,positive,0.998,0.001,0.001
DÃ¥rligt!,"anvender ikke telefoner i bilen, sÃ¥ de kan ringe og lave en aftale. Snyder og siger, at de har vÃ¦ret for at levere, selvom det ikke passer. Kan ikke fortÃ¦lle hvornÃ¥r pÃ¥ dagen de forventer at levere. Man kan hente pakken i Glostrup.",1,negative,negative,0.006,0.047,0.946
forkert adresse mÃ¥tte selv hente den det rigtige sted!,"Jeg bestilte nogle Nike sko, hvorefter der stod de blev fragtet, hvilket ogsÃ¥ var super fint! Da jeg fÃ¥r en mail om at de er afleveret og jeg drÃ¸ner hjem og vil hente min pakke er der ingen, jeg bliver hurtigt enig om at kontakte UPS. Hvor jeg fÃ¥r fat i hovedkontoret, som vil sende mig videre til min fragt mand. ikke lang tid efter ringer de tilbage og siger den er leveret og jeg fÃ¥r fragtmanden i rÃ¸rer som siger ""Den er pÃ¥ skraldespanden i garagen, sÃ¥ pakken er leveret og det har jeg pÃ¥ skrift"", hvor jeg efterfÃ¸lgende prÃ¸ver at forklare ham at jeg ikke har en garage og mine skraldespande stÃ¥r frit, hvilket ikke rÃ¸r ham. Vi vÃ¦lger selv og kÃ¸re ud og lede efter pakken og finder ud af at den stensikre fragt mand har leveret den hos en der ikke engang har det samme navn som mig! Virkelig skuffet over UPS og isÃ¦r den fragtmand af en spade!",1,negative,neutral,0.011,0.986,0.003
Levering pÃ¥ aftalte dag,Levering pÃ¥ aftalte dag - god info undervejs ğŸ‘Œ,5,positive,neutral,0.088,0.911,0.001
det var bare ok!,det var bare ok!,5,positive,positive,0.967,0.014,0.019
"Hurtig levering, super chauffÃ¸r",Modtog en pakke fra Tyskland pÃ¥ to dage... ChauffÃ¸ren der skulle forbi med pakken ringede til mig og spurgte hvornÃ¥r pÃ¥ dagen det passede mig bedst at han kom forbi - super god service!,5,positive,positive,0.99,0.009,0.001
Tilfreds,Fin betjening ved udlevering af pakker.,5,positive,positive,0.996,0.003,0.002
Wow - vildt hurtig levering,"Wow. Bestiller en varer omkring kl 13, den sendes samme eftermiddag, og nÃ¦ste dag kl 10 kunne den afhentes. Vildt hurtig levering med PostNord",5,positive,positive,0.973,0.026,0.002
Hurtig og prÃ¦cis levering.,Hurtig og prÃ¦cis levering.,5,positive,positive,0.971,0.026,0.003
Superhurtig levering,Superhurtig levering,5,positive,positive,0.993,0.005,0.002
LÃ¸gnere,"""Vi fik ikke fat pÃ¥ dig. Vi tager din pakke hen til et lokalt UPS Access Pointâ„¢.""1) Jeg har valgt de kan ligge pakken foran dÃ¸ren2) Jeg var hjemme hele dagenNÃ¥r man ringer til dem, fortÃ¦ller de at stÃ¸rstedelen af opkald er vedr. dette. Samtidig har de fra toppen fÃ¥et fortalt at de ikke mÃ¥ oprette sager pÃ¥ det, sÃ¥ det har ingen konsekvenser for en chauffÃ¸r at lyve igen og igen.Hold Jer langt vÃ¦k fra UPS",1,negative,neutral,0.006,0.631,0.363
Hurtig og prÃ¦cis levering,Hurtig og prÃ¦cis levering,5,positive,positive,0.977,0.022,0.001
Super levering som altid.,"Har lige haft nogle leverancer, og det har bare fungeret perfekt som altid. Ja, jeg betaler for hjemlevering, jeg er trÃ¦t af fyldte bokse rundt omkring, ofte fordi folk er lÃ¦nge om at fÃ¥ hentet deres pakker, men det er jo ikke PostNords skyld. SÃ¥ hellere betale for at fÃ¥ pakken bragt hjem. Vi har en super sÃ¸d postdame.ğŸ¥°",5,positive,positive,0.99,0.006,0.005
Fint forlÃ¸b,Ingen problemet,5,positive,neutral,0.005,0.656,0.34
Fulde af lÃ¸gn!,"Har forsÃ¸gt at afleverer en pakke til dig, men vi traf dig ikke. BULSHIT, jeg har vÃ¦ret hjemme hele dagen OG! tjekket dÃ¸rklokken flere gange. Det er simpel hen et mÃ¸g firma!",1,negative,negative,0.036,0.001,0.963
Hurtig levering,Hurtig levering,5,positive,positive,0.953,0.045,0.002
Jeg synes aldeles ikke om,"Jeg synes aldeles ikke om, at jeg ikke kan vÃ¦re sikker pÃ¥ aflevering af pakker pÃ¥ mon adresse og/eller pÃ¥ det lovede tidspunkt.",3,neutral,neutral,0.001,0.974,0.025
mange tak rigtig god serviceğŸ˜Š,mange tak rigtig god serviceğŸ˜Š,5,positive,positive,0.999,0.0,0.001
Hurtig levering,Hurtig levering,5,positive,positive,0.953,0.045,0.002
Det var nok noget af det hurtigesteâ€¦,"Det var nok noget af det hurtigeste levering jeg har oplevet, det skal i have mange tak for",5,positive,positive,0.999,0.0,0.001
hurtig levering,hurtig levering,5,positive,positive,0.953,0.045,0.002
Det var en hurtig levering,Det var en hurtig levering,5,positive,positive,0.996,0.004,0.0
Hvordan pokker kan man fejle sÃ¥ meget,"Hvordan pokker kan man fejle sÃ¥ meget , i skulle levere min pakke mandag 24/4.23â€¦ sÃ¥ er den endt forkert sted og nu stÃ¥r den som retur til afsenderâ€¦ Flot eller nogetâ€¦!!!!",1,negative,negative,0.004,0.001,0.996
Ikke i orden.,"Var blevet lovet levering indenfor et interval pÃ¥ 4 timer og sad derfor klar, men ikke alene kom der ikke nogen, de pÃ¥stod de havde forsÃ¸gt, hvilket vi er flere der kan bekrÃ¦fte ikke er tilfÃ¦ldet.",1,negative,neutral,0.045,0.953,0.002
god oplevelse med hastighed af forsendelse.'''''''''''''''''''''''''''''''''''''''''''''''''''''''''',jeg er godt tifreds med hastigheden af min forsendelse.,5,positive,negative,0.049,0.007,0.944
UPS Verdens dÃ¥rligste service!,"UPS Verdens dÃ¥rligste service!Jeg modtager en pakke fra UK som jeg har betalt Dkr. 250 for, UPS ChaffÃ¸ren opkrÃ¦ver Dkr. 244 i Told fÃ¸r han aflevere pakken.Ringer til det danske tlf. nr. pr. fakturaen, jeg fÃ¥r en engelsktalende person i rÃ¸ret, som ikke kan svare pÃ¥ hvorfor jeg skal betale det samme i Told som jeg har betalt for pakken. Han er overlegen og siger blot at han vil fÃ¥ nogen til sende e mail...!Der er under al kritik.",1,negative,negative,0.336,0.006,0.658
Fik besked om ankomst af tÃ¦ppe og det â€¦,Fik besked om ankomst af tÃ¦ppe og det passede. Fint!,3,neutral,positive,0.991,0.006,0.002
Hurtig levering,"Hurtig levering, venligt bud der ringede pÃ¥ i stedet for bare at smide pakken",5,positive,positive,0.998,0.001,0.001
Virkelig dÃ¥rlig service,"Virkelig dÃ¥rlig service! I gÃ¥r skulle jeg fÃ¥ leveret en pakke hjem til mig.Jeg var pÃ¥ arbejde og gÃ¥r derfor ind og Ã¦ndre leveringen til afhentning i ups ude i Glostrup det gÃ¸r klokken 9 ca. Derefter vÃ¦lger jeg at kontakte ups for at hÃ¸rer dem om det vil vÃ¦re klar til afhentning i Glostrup i gÃ¥r og hende jeg snakker med siger â€œ ja selvfÃ¸lgelig det er den â€œ Derfor vÃ¦lger jeg efter arbejde at kÃ¸re derud og det skal lige sige det var ved 16:30 tiden og nÃ¥r jeg sÃ¥ er der inde bliver der fortalt at pakke endnu ikke er klar til afhentning! Slet ikke i orden da det ellers var derfor jeg ringede ind for at det her ligesom ikke skulle opstÃ¥.. FortÃ¦ller ham sÃ¥ episoden og hvad tid jeg ringede ind 12:27, han siger blot han vil gÃ¥ videre med det? Ja men hvad med min pakke sÃ¥, jeg kan da ikke blive ved med at kÃ¸rer herud, kan du evt. konktake vognmanden som har pakken og hÃ¸rer ham om hvor langt han er? Ja det kunne han godt der gÃ¥r ca. 20 minutters ventetid derefter dukker vognmanden op med pakken! Virkelig dÃ¥rlig service!!!!",1,negative,neutral,0.144,0.643,0.213
Endnu en dÃ¥rlig oplevelse med ups,"Endnu en dÃ¥rlig oplevelse med ups, denne gang leveret til forkert adresse og bare smidt foran dÃ¸r,uden tilladelse eller kontakt. MÃ¥tte selv ud og hente min pakke 15 km vÃ¦k ogringe pÃ¥ hos en fremmed.Det sker rigtig ofte  at min pakker med ups bare bliver stillet uden underskrift.Fremad rettet PrÃ¸ver jeg at undgÃ¥ jer.",1,negative,negative,0.006,0.012,0.983
Meget venlig betjening og hurtigâ€¦,Meget venlig betjening og hurtig levering.,5,positive,positive,0.994,0.003,0.002
Min oplevelse med jer er post personaleâ€¦,Min oplevelse med jer er post personale er uansvarligt personer ligeglad med job og utrolig langsom,3,neutral,negative,0.001,0.001,0.998
Hurtig levering,Hurtig levering,5,positive,positive,0.953,0.045,0.002
Pakken blev leveret pÃ¥ den lovede datoâ€¦,Pakken blev leveret pÃ¥ den lovede dato og i god stand.ğŸ‘ğŸ˜€,5,positive,positive,0.997,0.002,0.001
Hurtig levering,Hurtig levering,5,positive,positive,0.953,0.045,0.002
God service og hurtig levering...,God service og hurtig levering...,5,positive,positive,0.995,0.004,0.001
Altid god service,Altid god service,5,positive,positive,0.994,0.005,0.001
Thank you for such excellent serviceâ€¦,Thank you for such excellent service and the nice carpets,5,positive,positive,0.997,0.002,0.001
Vi fik ikke fat pÃ¥ dig?,"Vi fik ikke fat pÃ¥ dig?Har i sendt mig en SMS med for 5 min sidenJeg er hjemme, ingen der har ringet pÃ¥ min dÃ¸r...Virkelig plat",1,negative,negative,0.041,0.002,0.958
Hurtig levering.,Hurtig levering.,5,positive,positive,0.952,0.044,0.004
Hurtig levering,Hurtig levering,5,positive,positive,0.953,0.045,0.002
Lynhurtig levering.,"Som vanligt blev bestilte varer leveret under 24 timer fra bestilling, det kan simpelthen ikke gÃ¸res hurtigere.",5,positive,negative,0.016,0.052,0.932
Det er godt nok utroligt at man kanâ€¦,Det er godt nok utroligt at man kan kÃ¸rer det pÃ¥ denne mÃ¥de. Jeg fik en fin mail om at pakken ville ankomme torsdag. Hvilket resulterer i at jeg havde taget fri da pakken krÃ¦ver underskrift ved levering. SÃ¥ er man ikke pÃ¥ deres hjemmeside for at sporer den og finde ud af det ikke ser ud til at den er undervejs. jamen sÃ¥ ringer man til ups for at fÃ¥ at vide at den kommer i morgen. hvilket sÃ¥ resultere i en dag mere med fri. jeg har sÃ¥ tjekke op pÃ¥ den igen. den er stadig ikke kommet videre pÃ¥ deres hjemmeside. sÃ¥ ringer jeg igen for at fÃ¥ at vide jamen den er slet ikke pÃ¥ vej. AmatÃ¸r firma mangen til dÃ¥rlig information. og dÃ¥rlig service. De trÃ¦nger sgu voldsomt til at fÃ¥ processerne undersÃ¸gt og opdateret mÃ¥de de informere pÃ¥ jeg spurgte selvfÃ¸lgelig hvor jeg sender regningen pÃ¥ min to spildte dage fordi at de ikke har styr pÃ¥ deres. Jamen det var sÃ¥dan at det var det var ikke deres problem!,1,negative,neutral,0.007,0.987,0.005
Hurtig levering efter pakken ankom tilâ€¦,Hurtig levering efter pakken ankom til Danmark. Virker fint med appen hvor aflevering varsles,5,positive,positive,0.933,0.064,0.003
ikke god til privat brug,"Jeg har flere gange bestilt varer fra et firma over nettet, hvor UPS desvÃ¦rre er eneste valgmulighed som forsendelsesform.Alle 3 leveringsforsÃ¸g er sket pÃ¥ hverdage mellem kl 11 og 13, hvor almindelige fuldtidsarbejdende mennesker ikke kan vÃ¦re hjemme. Har desvÃ¦rre ikke mulighed for at fÃ¥ leveret til min arbejdsplads, sÃ¥ eneste mÃ¥de at fÃ¥ sin forsendelse pÃ¥ er ved at blive hjemme fra arbejde, eller kÃ¸re til Glostrup i UPS's Ã¥bningstid og afhente.Hvis man som hos PostDanmark kunne skrive sig op til at ChauffÃ¸ren kan stille pakken og den betragtes som leveret, sÃ¥ har jeg intet problem med at fÃ¥ leveret midt pÃ¥ arbejdsdagen.",2,negative,neutral,0.01,0.713,0.277
Jeg fortryder mit valg,"Jeg fortryder virkelig, at jeg har kÃ¸bt en vare hos en virksomhed, der bruger UPS som leverandÃ¸r. For at vÃ¦re sikker pÃ¥ at fÃ¥ pakken, skal man vÃ¦re hjemme hele dagen. Deres hjemmeside er samtidig helt umulig at bruge. Du SKAL oprette en bruger, hvis du vil Ã¦ndre noget som helst ved forsendelsen. Dette har jeg sÃ¥ gjort. Ved en fejl fik jeg sÃ¥ valgt en anden leveringsdag, og hver gang jeg forsÃ¸ger at annullere denne Ã¦ndring, fÃ¥r jeg bare at vide, at jeg skal prÃ¸ve igen senere. Jeg savner ogsÃ¥ et tekstfelt, hvor jeg kan skrive en uddybende vejledning til chauffÃ¸rerne med, hvor de kan stille varen.Det gÃ¸r jeg aldrig igen.",1,negative,neutral,0.007,0.992,0.002
Lad vÃ¦r med at bruge UPS,"Lad vÃ¦r med at bruge UPS.Jeg har bestilt en dyr vare over nettet, hvor der ikke var andre valgmuligheder end UPS.FÃ¸rst var der besked om, at pakken fÃ¸rst vil vÃ¦re der om en uge. Derefter kom der besked om, at pakken vil komme om 2 dage. Dagen efter blev der meddelt via email, at pakken vil blive leveret samme dag. Der blev Ã¦ndret pÃ¥ leveringsdatoen 2 gange under hele processen, hvilket medfÃ¸rte, at jeg har mÃ¥ttet rykke rundt pÃ¥ mine aftaler for at fÃ¥ det hele til at  hÃ¦nge sammen, sÃ¥ jeg kan vÃ¦re hjemme til at modtage pakken. Pakken skulle ifÃ¸lge sporingsoplysningerne ankomme i lÃ¸bet af slutningen pÃ¥ dagen.Opdagede i lÃ¸bet af formiddagen kl. 11, at pakken blev forsÃ¸gt leveret kl. 9.46. Dette var i hvert fald ikke tilfÃ¦ldet, eftersom jeg jo sad derhjemme og der i hvert fald ikke blev ringet pÃ¥ dÃ¸ren. Jeg har oplevet det fÃ¸r, hvor UPS gjorde samme nummer og pÃ¥stod, at de ikke kunne komme til bygningen uden videre. Det er da meget besynderligt, nÃ¥r samtlige andre fragtmÃ¦nd godt kan komme til.UPS har ikke et sÃ¦rligt godt rygte. Og hvis det havde vÃ¦ret muligt at give -stjerner, havde jeg gjort det. Tid er penge og hvis UPS ikke kan formÃ¥ at levere til tiden, skal de ikke pÃ¥stÃ¥ at kunne gÃ¸re det. De skal slet ikke finde pÃ¥ at sige, at de har forsÃ¸gt at aflevere pakken, nÃ¥r de slet ikke har vÃ¦ret forbi. De kan virkelig formÃ¥ at Ã¸delÃ¦gge min formiddag over sÃ¥dan noget. Sikke nogle lÃ¸gnagtige og dovne chauffÃ¸rer.Jeg ringede til deres kundeservice, hvor jeg fÃ¥r lov at tale med en computer de fÃ¸rste 5 min. og som ikke kunne opfange det, som jeg indtalte.Efter at vÃ¦re kommet igennem talte jeg med en empatisk mand, som godt kan forstÃ¥ mine frustrationer. Han var engelsktalende og meget professionel. Han oprettede en klagemeddelelse og inden for 20 min. ringede en dansktalende medarbejder mig op for at sige, at min pakke vil ankomme inden for en halv time. Hun fortÃ¦ller, at chauffÃ¸ren pÃ¥stod, at han havde ringet pÃ¥ det forkerte sted. Jeg kan stÃ¦rkt antage, at det er en lÃ¸gn. Men om ikke andet fÃ¥r jeg min pakke stadig i dag. Det krÃ¦vede Ã¥benbart et vredesudbrud over for medarbejderne og en klagebehandling.Jeg vil til enhver tid vÃ¦lge et andet fragtfirma end UPS, nÃ¥r de ikke kan finde ud af at levere varen til tiden og fÃ¸rst makker ret, nÃ¥r man klager.Jeg fik min pakke, men det er ikke besvÃ¦ret vÃ¦rd til en anden gang.",1,negative,neutral,0.001,0.998,0.001
Venter stadig min pakke,"Venter stadig min pakke. For fortsat fejl meldinger pga manglende hus nr.Var i kontakt med kundeservice pr tlf. Hun lovede at tilfÃ¸je nr og rette som Ã¸nsket, men intet er sket..Ser vel aldrig min pakke?",1,negative,negative,0.021,0.031,0.949
Jeg har siddet og ventet de sidste 2â€¦,Jeg har siddet og ventet de sidste 2 dage pÃ¥ at modtage min pakke. Jeg har vÃ¦ret hjemme hele dÃ¸gnet (corona) jeg har kontor lige ved siden af min hoveddÃ¸r. Nu kan jeg se at jeres chauffÃ¸r siger at han har forsÃ¸gt at aflevere min pakke. Det har han ikke. Det er simplelthen for ringe....,1,negative,negative,0.002,0.001,0.997
hurtig  levering  rigtig   godt,sms nÃ¥r  pakken  var  leveret  og  hurtig levering,5,positive,neutral,0.051,0.947,0.003
Det er forkert jeg fÃ¥r mail om jeg skalâ€¦,Det er forkert jeg fÃ¥r mail om jeg skal give karakter om post nord men jeg fÃ¥r ikke nogen om pakken er klar til afhentning !!!!!,1,negative,neutral,0.002,0.994,0.004
PAS PÃ… FÃ†LDER!!,"PAS PÃ… FÃ†LDER!!!  EKSTRA GEBYRER!!! UPS,,,jeg lod ogsÃ¥ UPS levere min pakke. Jeg er importÃ¸r og betalte derfor  150,-kr. for levering af en pakke pÃ¥ 900,- kr i vÃ¦rdi fra et 3 land, hvilket for en importÃ¸r er told og momsfrit.  Fik EFTER levering intetanende en ekstra regning pÃ¥ 365,-kr. af UPS som de sÃ¥ opkrÃ¦vede for klaring med tolden. Man bliver altsÃ¥ ikke pÃ¥ forhÃ¥nd ordentligt informeret om hvad shipping prisen/servicen reelt indeholder.   Ialt har jeg betalt over 500,-kr til UPS som er mere end halvdelen af vÃ¦rdien pÃ¥ mine varer:(( . Ekstra regningen fik jeg fÃ¸rst ind ad dÃ¸ren IDAG, med forfaldsdato IMORGEN. Ellers vankede der endnu flere gebyrer. SÃ¥ dÃ¥rligt og ubehageligt. Det virker grÃ¥digt. Til nÃ¦ste gang har jeg fundet et shipping firma der ikke tager noget ekstra gebyr for klaring af tolden og som koster det halve. Den pris UPS tager er skamlÃ¸s og desuden langt mere end hvad Postnord tager ved deres stikprÃ¸ve kontroller af pakker til importÃ¸rer. Jeg undrer om UPS priser overhovedet er lovligt sat, hvis der altsÃ¥ eksisterer en sÃ¥dan lov? Det er jo trods alt told og skat der sÃ¦tter reglerne for import og told.",1,negative,negative,0.108,0.127,0.765
Hurtig levering som altid.,Hurtig levering som altid.,5,positive,positive,0.979,0.017,0.004
Super hurtig levering af en megetâ€¦,Super hurtig levering af en meget vigtig forsendelseğŸ‘ğŸ»ğŸ‘ğŸ»ğŸ‘ğŸ»ğŸ‡©ğŸ‡°ğŸ‡©ğŸ‡°ğŸ‡©ğŸ‡°ğŸ˜˜,5,positive,positive,0.998,0.001,0.001
0 stjerner hvis det var muligt,DesvÃ¦rre ikke muligt at give mindre end 1 stjerne. For anden gang indenfor kort tid blÃ¦ser UPS pÃ¥ kunderne der skal have leveret varer. Fik besked igÃ¥r om at min pakke ville blive leveret idag mellem 10-14. Jeg kunne se at pakken har vÃ¦ret med i bilen hele dagen indtil leveringstidspunktet blev rettet til â€œsidst pÃ¥ dagenâ€. Kl 17 tjekker jeg igen og nu er min pakke tilbage pÃ¥ deres lager. Jeg ringer for at fÃ¥ en forklaring og bliver bedt om at vente et Ã¸jeblik for sÃ¥ 20 minutter senere at blive smidt af linien. For 14 dage siden oplevede jeg at fÃ¥ den besked som rigtig mange har prÃ¸vet â€œat vi forgÃ¦ves har forsÃ¸gt at levere pakken pÃ¥ adressenâ€. Igen havde jeg siddet hjemme hele dagen. Totalt skod firma!!!! Jeg kommer ALDRIG til at bestille noget igen hvis hjemmesiden bruger UPS som leverandÃ¸r.,1,negative,neutral,0.06,0.729,0.211
"FORSÃ˜GT leveret? Men, vi var hjemme","Min mand bestilte pÃ¥ en hjemmeside hvor de bruger FedEx som leveringsmetode. De skrev lidt over kl. 12 idag, at de ville leverer pakken idag. Da kl. rammer 15:50, tikker der en besked ind om at hans pakke er forsÃ¸gt leveret. Men.. ForsÃ¸gt? Vi har vÃ¦ret hjemme HELE dagen, der er aboslut ingen chancer for at vi ikke har haft hÃ¸rt budet, da vi er ejere af en kÃ¦mpestor mastiff. Samtidig med det - hvilket selvfÃ¸lgelig er uheldigt for budet - har det lige sneet her i midtjylland, som gÃ¸r det nemt at se om der har gÃ¥et eller kÃ¸rt nogen pÃ¥ vores gÃ¥rdsplads, hvilket der IKKE har. Jeg ringer til FedEx kundeservice kl 15:58, og her vÃ¦lger jeg at jeg Ã¸nsker at fÃ¥ fat i den danske afd. - Men i rÃ¸ret fÃ¥r jeg en svensk talende kvinde? Jeg informerer hende om situationen og min manglede pakke levering - Hun trÃ¦kker blot pÃ¥ ''skulderen'' og fortÃ¦ller mig at hun kan sÃ¸rge for at den bliver leveret pÃ¥ mandag. Ih mange tak. Hvordan kan det vÃ¦re kundeservice? Hvorfor er det MIG der skal ''straffes'' for et af deres bude dovenskab? Dette er ikke fÃ¸rste gang vi oplever dette. Sidste gang de skulle leverer til os, lavede de samme nummer, der bad vi om levering dagen efter, hvilket gjorde at min mand fik et opkald 15min inden, om han var hjemme til at tage imod pakken? SÃ¥ hvad? Hvis ikke han havde taget telefonen havde de ikke leveret, for anden gang? SpÃ¦ndende hvornÃ¥r pakken bliver leveret.",1,negative,neutral,0.021,0.931,0.048
Portugal - Danmark uden problemer,"2 gange har jeg nu bestilt varer i Portugal med stor succes. Det er let af fÃ¸lge varen pÃ¥ den vej gennem Europa og leveringen sker til estimerede tid. OpsÃ¦tningen pÃ¥ hjemmesiden i forhold til levering er lidt kringlet, men det pÃ¥virker ikke leveringen.",4,positive,neutral,0.002,0.992,0.006
Pakken var Ã¸delagt,"Da jeg modtog min pakke i pakkeboksen, var Ã¦sken revet i stykker i en af siderne sÃ¥ mine varer var tÃ¦t pÃ¥ at ryge ud af kassen. Ikke nok med det, eksploderede en af mine varer sÃ¥ der var proteinpulver over det hele. SÃ… irriterende.",1,negative,negative,0.001,0.002,0.997
Hurtig levering,Hurtig levering,5,positive,positive,0.953,0.045,0.002
Pakkemanden vil hellere udfylde en â€¦,"Pakkemanden vil hellere udfylde en seddel end at ringe pÃ¥ vores dÃ¸rtelefon, fed service. Hele hustanden var hjemme pÃ¥ givent tidspunkt.",1,negative,neutral,0.017,0.921,0.062
Perfekt som altid,Perfekt som altid,5,positive,positive,0.998,0.002,0.001
Jeg synes at det er en god service atâ€¦,Jeg synes at det er en god service at nÃ¥r man fÃ¥r en SMS kan man regne med at varen kommer nÃ¦ste dag.,5,positive,positive,0.996,0.003,0.001
"God, ingen skade pÃ¥ mine produkter :) sÃ¥ tilfredstillende",God god god god god!,4,positive,positive,0.996,0.003,0.001
FÃ¸rst og fremmest vil jeg gerne sige deâ€¦,FÃ¸rst og fremmest vil jeg gerne sige de ikke har gjort mig noget dÃ¥rligt denne her gang. Jeg har kÃ¸bt en pakke fra Polen UPS.com leverede som planlagt.Det er fÃ¸rste gang jeg har brugt UPS og jeg kan ikke se det eneste problem jeg har haft var pÃ¥ mig hvor jeg under kÃ¸bet pÃ¥ hjemmesiden havde skrevet forkert postnr.Faktisk mit store problem var at jeg var gÃ¥et her ind og for at se anmeldelser. I gjorde mig bange og indstillede mig pÃ¥ at jeg skulle over og hente den ved et pick-up spot derfor lagde jeg mig bare til at sove. Jeg vÃ¥gnede til en mand bankede pÃ¥ min dÃ¸r da jeg Ã¥bnede stod min pakke ud foran dÃ¸ren ingen skader alt er fint. Jeg har ikke haft andet end godt oplevelser so far sÃ¥ jeg tÃ¦nker godt de kan bruges igen,5,positive,negative,0.026,0.242,0.732
Jeg har arbejdet hjemme hele dagenâ€¦,Jeg har arbejdet hjemme hele dagen fordi UPS sagde de ville komme med en pakke.Da den ikke er kommet indenfor tidsrummet ringer jeg og spÃ¸rg hvor den bliver af.Damen i kundeservice siger den er blevet forsinket pÃ¥ grund af vejret.Der er solskins dag og det bedste vejr hele ugen?Hun kan heller ikke svare pÃ¥ hvornÃ¥r den sÃ¥ bliver leveret og lyder mildest talt pisse ligeglad.Elendig service ville give 0 stjerner hvis jeg kunne.Det her er grunden til at jeg altid undgÃ¥r UPS hvis jeg kan.,1,negative,negative,0.003,0.002,0.995
Hurtig levering,Hurtig levering,5,positive,positive,0.953,0.045,0.002
Altid god behandling flinkeâ€¦,Altid god behandling flinke medarbejdere aldrig problemer leverer og sÃ¦tter pakkerne pÃ¥ aftalt sted sÃ¥ altid en god behandling vil varmt anbefale post nord til andre,5,positive,positive,0.999,0.001,0.001
Super hurtig levering,Super hurtig levering,5,positive,positive,0.997,0.002,0.001
Rigtig god service/ hurtig levering uden skader pÃ¥ forsendelse,"Alt var bare helt iorden, leveringstid og ingen skade pÃ¥ varen",5,positive,negative,0.01,0.021,0.969
Lader pakke stÃ¥ i carport og har ikke rigtigt afhenteningsbox med,"Jeg har flere gange skulle benytte deres service ifm. reperation af en bÃ¦rbar.  FÃ¸rste gang de afhenter den har chauffÃ¸ren ikke den korrekte afhentningsemballage med pÃ¥ trods af, dette blev gjort klart under afhentningsrekvireringen.  Anden gang jeg gÃ¸r brug af deres service levere de en bÃ¦rbar retur ved at stille den i en Ã¥ben carport (som har et utÃ¦t tag) lige inden for Ã¥bningen i den danske vinter. Dette resultere i den fÃ¥r fugt og skal retur til reparation. De skal sÃ¥ afhente den igen, sÃ¥ der kan laves en skadesanmeldelse.Trods fortÃ¦lling om de skal afhente pÃ¥ en ny adresse kÃ¸rer de til den gamle og prÃ¸ver at afhente. Der blev tilmed lovet der ville blive ringet til mig for at aftale nÃ¦rmere om afhentning. Dette skete heller ikke. Det skal dog siges til deres forsvar at der ikke var problemer med at klage over chauffÃ¸ren. De har nu forsÃ¸gt at afhente flere gange. ALLE gange pÃ¥ forkert adresse selvom det er sagt 3 gange til dem at det er en anden adresse. Dette er tydeligvis ikke gÃ¥et op for dem endnu",1,negative,neutral,0.003,0.993,0.003
Hurtig levering ğŸ™‚,Hurtig levering ğŸ™‚,5,positive,positive,0.992,0.007,0.001
Altid prÃ¦cis levering,"Altid prÃ¦cis levering, og god information fÃ¸r og efter.",5,positive,positive,0.856,0.142,0.002
Ingen problemer.,Ingen problemer.,5,positive,neutral,0.018,0.834,0.148
PÃ¥ trods af at jeg har modtager flex,"PÃ¥ trods af at jeg har modtager flex, og skilter med dette pÃ¥ min postkasse samt havde sÃ¸rget for at mit skur var Ã¥bnet som aftalt, valgte postbudet at lÃ¦gge den ene pakke i postkassen, den anden pakke blev sat op ad gadedÃ¸ren. Han ringede ikke engang pÃ¥ dÃ¸ren, jeg var hjemme. Dette er under al kritik, jeg tÃ¦nker, er postbudet sÃ¥ presset i opgaverne, eller hvad ligger til grund for denne aflevering ?",1,negative,neutral,0.006,0.631,0.363
Betalte for privat levering,"Betalte for privat levering, i Tebstrup. Og min pakke blev leveret til en pakkeshop i Horsens. Uden bil er det ikke optimalt.",1,negative,neutral,0.153,0.709,0.138
UPS har forsÃ¸gt at levere en pakke til mig?,"Fik en SMS (mens jeg var hjemme tÃ¦t pÃ¥ hoveddÃ¸ren hele morgen, ingen larm, radio eller musik) om at de forsÃ¸gt at levere min pakke 1Z6491R96897954484, men trÃ¦f mig ikkeâ€¦ De var IKKE forbi!",1,negative,negative,0.364,0.038,0.598
PrÃ¦cis og meget venlig levering,"Udover den prÃ¦cise og adviserede levering er det isÃ¦r vor faste Post nord leverandÃ¸rs service, der er til alle 5 stjerner.",5,positive,positive,0.992,0.007,0.001
God og hurtig levering,God og hurtig levering,5,positive,positive,0.995,0.004,0.001
UsÃ¦dvanligt ringe service,"UsÃ¦dvanligt ringe service. De mÃ¥ have fisket medarbejderne hos Postnord. Sms-service, der ikke fungerer, forsinket levering og lÃ¸gn om at have prÃ¸vet at aflevere pÃ¥ adressen. Klassisk.",1,negative,negative,0.006,0.002,0.992
Magen til service skal man lede lÃ¦nge efter.,"Planlagt levering: 08/01/2016. Timerne gÃ¥r, og dagen spildes pÃ¥ at vente pÃ¥ UPS bilen, da man ikke Ã¸nsker at skulle afhente sin pakke selv. Klokken nÃ¦rmer sig 21.00, og hÃ¥bet er sÃ¥ smÃ¥t forsvundet. Pakken bliver ej leveret pÃ¥ ""planlagte tidspunkt"".Det er nu blevet mandag d. 11/01/2016. Ligeledes er den planlagte levering Ã¦ndret til denne dag. Sidder hjemme i stuen, og venter pÃ¥ at se den store sorte UPS bil. Klokken 12.33 er der en brummen udenfor. Kigger ud af vinduet, og ser denne store UPS bil. Skynder mig hen til dÃ¸ren, for at afvente pÃ¥ pakken. Da jeg Ã¥bner dÃ¸ren og kigger ud, kan jeg blot se en UPS bil der vender pÃ¥ vendepladsen og kÃ¸rer vÃ¦k igen. Herefter kan jeg pÃ¥ mit ordrenummer se, at der stÃ¥r fÃ¸rste leveringsforsÃ¸g mislykkedes. Jeg er frustreret, men tÃ¦nker det naturligvis bare er en fejl, og bider vreden i mig. Tirsdag d. 12/01/2016. Planalgt leveringstid Ã¦ndre til denne dag. Endnu engang sidder jeg i stuen og venter pÃ¥ UPS bilen. Jeg hÃ¸rer en brummen fra vejen, og kigger ud af vinduet, og ser at UPS bilen fortsÃ¦tter ned af gaden. Jeg tÃ¦nker, at der nok er en pakke eller flere der skal leveres lÃ¦ngere nede, og sÃ¥ kommer den til mig efter. Jeg holder lidt Ã¸je med vejen, og ser 3 minutter senere bilen komme kÃ¸rende. Den kÃ¸rer ikke ind pÃ¥ min gade. Ergo skulle der tre planlagte leveringsdage til, samt en fejlagtigt skrevet info vedrÃ¸rende (Levering mislykkedes) fÃ¸r jeg fik skrevet denne klage. Jeg hÃ¥ber for alle andre, at hvis i skal have noget leveret, sÃ¥ hold jer fra UPS. Det er fuldstÃ¦ndig hÃ¥blÃ¸st, og komplet uprofessionelt. Langt under en stjerne herfra!",1,negative,neutral,0.005,0.987,0.008
Pakken blev ikke leveret,"Pakken blev ikke leveret, selvom den fremstÃ¥r som leveret pÃ¥ hjemmesiden.",1,negative,neutral,0.001,0.997,0.002
Pakken var en dag forsinket,Pakken var en dag forsinket,3,neutral,neutral,0.002,0.996,0.001
Sikke et skod firma,"Sikke et skod firma, sendte en pakke til Filipinerne i April mÃ¥ned. Den forsvandt , efter et halv Ã¥r, hvor pakken blev fundet imidlertidig, og forsvandt igen, blir man til budt 25 % af kÃ¸bsprisen , mindre end prisen pÃ¥ afsendelsen kostede, de mÃ¥ have nogle tyvagtige medarbejdere , og prisen skal stÃ¥ pakken , det er squ smart nÃ¥r man sender noget til et fattigt land. Sidste gang jeg UPS.com",1,negative,negative,0.005,0.001,0.995
En lidt bÃ¸vlet leveringsmetode,"Skulle jeg ikke vÃ¦re hjemme bliver der leveret en ""InfoNotice"". Fint nok, men disse InfoNotices bliver leveret mÃ¦rkelige steder; klistret pÃ¥ gadedÃ¸ren, postkasse, varen bliver leveret til en tilfÃ¦ldig beboer i ejendommen osv. Heller ikke det mest checket website. Til gengÃ¦ld har jeg altid fÃ¥et mine varer i god behold - lidt overraskende? :)",3,neutral,positive,0.641,0.352,0.007
Nemt og hurtig ğŸ‘ğŸ»ingen beskadigetâ€¦,Nemt og hurtig ğŸ‘ğŸ»ingen beskadiget kasse eller vare,5,positive,negative,0.325,0.091,0.584
UtrovÃ¦rdig service,"De skrev jeg, at jeg ikke vÃ¦re hjemme til at skrive under pÃ¥ adressen. Jeg har vÃ¦ret hjemme hele dagen....",1,negative,neutral,0.002,0.995,0.002
Hurtig og effektiv,Hurtig og effektiv,5,positive,positive,0.97,0.028,0.002
Hurtig og problemfrit,Hurtig og problemfrit,5,positive,positive,0.95,0.044,0.006
Ufatteligt ringe....besked om at pakkenâ€¦,Ufatteligt ringe....besked om at pakken er leveret men ikke hvor osv. Skal logge ind for at se ...magter ikke at skrive mere Kan desvÃ¦rre ikke give 0 stjerner,1,negative,negative,0.253,0.006,0.741
I er hurtige og super gode,I er hurtige og super gode,5,positive,positive,0.997,0.002,0.001
Hurtig levering,"Hurtig levering, uden problemer",5,positive,positive,0.981,0.016,0.003
Vi har ikke haft nogle problemer medâ€¦,"Vi har ikke haft nogle problemer med postnord her pÃ¥ Lolland, i modsÃ¦tning til i KÃ¸benhavn hvor der var konstant problemer, bestilte vare vi aldrig modtog og regninger vi fÃ¸rst modtog flere uger senere.",5,positive,negative,0.013,0.225,0.762
Hurtig levering.,Hurtig levering.,5,positive,positive,0.952,0.044,0.004
Meget tilfreds,Meget tilfreds hurtig levering,5,positive,positive,0.998,0.001,0.001
PostNord er bedst.,"PostNord er bedst.Min pakke blev leveret i regnvejr, og i stedet for blot at sÃ¦tte den pÃ¥ det aftalte sted, satte posten pakken i mit drivhus, hvor der var tÃ¸rvejr, og lagde en besked om det i min postkasse. Det kalder jeg service ğŸ˜‰",5,positive,neutral,0.156,0.843,0.001
Lang leveringstid og dÃ¥rlig service,"Lang leveringstid, ingen besked om at pakken har vÃ¦ret forsÃ¸gt leveret, mÃ¸gbesvÃ¦rligt at fÃ¥ svar via kundeservice. Da de fik lokaliseret pakken, kunne jeg hente den 10 km fra mit hjem selvom der er en UPS pakkeshop tÃ¦t pÃ¥. To uger efter jeg hentede pakken, fik jeg et brev i postkassen om at de havde forsÃ¸gt at levere den uden held - alt for sent. Fire uger efter jeg hentede pakken, fik jeg en rykker med posten for en faktura jeg aldrig har modtaget. Denne faktura dateret til 12 dage fÃ¸r jeg havde pakken i hÃ¦nderne. At kommunikere med kundeservice er som at tale til en dÃ¸r. Jeg hÃ¥ber ikke at jeg nogensinde fÃ¥r leveret pakker med UPS igen.",1,negative,negative,0.02,0.015,0.965
Super nemt i den nye pakke automat iâ€¦,Super nemt i den nye pakke automat i FÃ¸texğŸ˜‰,5,positive,positive,0.998,0.001,0.001
Mega hurtig leveringğŸ‘ğŸ‘ğŸ‘,Mega hurtig leveringğŸ‘ğŸ‘ğŸ‘,5,positive,positive,0.998,0.002,0.0
de kan ikke finde ud af lever pakkerâ€¦,"de kan ikke finde ud af lever pakker til den dag de SELV GIVER KUNDEN, DET ER SKU POSTNORD DER LEVER I STEDALDREN KOM OP I 2023 TAK.Kundeservice er der ikke noget af. Har siddet og ventet i 4 timer, uden nogen i kundeservice har gidet og lette rupen og taget tlf",1,negative,negative,0.008,0.0,0.992
Postbud er altid meget sÃ¸d og venligt.,Postbud er altid meget sÃ¸d og venligt.,5,positive,positive,0.963,0.035,0.001
3 dage er min pakke hos jer leveret tilâ€¦,3 dage er min pakke hos jer leveret til stedet uden i har givet besked og nÃ¥r man ringer til eller skriver fÃ¥r man intet svar vÃ¦rste service i verden og hvis ikke det her var en offentlige sted havde jeg ikke andet end bandeord til jer og jeres service!!,1,negative,negative,0.034,0.021,0.944
Hurtig levering,Altid god og hurtig levering.,5,positive,positive,0.982,0.017,0.002
UPS er efterhÃ¥nden en Ford T somâ€¦,"UPS er efterhÃ¥nden en Ford T som pakkeleverings firma. En ulogisk hjemmeside hvor man kÃ¸res rundt i ring, hvis man vil Ã¦ndre noget i levering. Skriver man ikke er hjemme, selv om man er, jeg giver op. Pakken mÃ¥ sendes tilbage til butikken og jeg fÃ¥ pengene retur. Endnu en gang. Gammeldags hÃ¥ndtering pÃ¥ den amerikanske mÃ¥de. StÃ¦rkt forÃ¦ldet efter europÃ¦isk standard.",1,negative,negative,0.004,0.003,0.993
Levering til lovet tid :-),Levering til lovet tid :-),5,positive,neutral,0.004,0.995,0.001
"Post Nord vil gerne have reaktioner, men er i Ã¸vrig umulig at komme i forbindelse med.","Det ved jeg ikke, for det er ikke mig der er adressaten, men Post Nord er umulig at komme i forbindelse med: jeres forsendelser har kostet mig for meget: fx 240 kr. at fÃ¥ en forsendelse til 44 kroner i modtagerens hÃ¦nder med en forkert begrundelse fra Post Nord. Post Nord fungerer simpelthen ikke, men jeg hÃ¥ber at min gave via SAXO er blevet modtaget med glÃ¦de af adressaten.",1,negative,negative,0.003,0.01,0.987
UPS.com er da godt sÃ¥ ringe som nogen,"UPS.com er da godt sÃ¥ ringe som nogen. Sendte pakke til Filippinerne, den forsvandt, blev fundet igen, men de svarer ikke pÃ¥ mail, lover at ringe tilbage, hvilket de sÃ¥ Ikke gÃ¸r ,label var klÃ¦bet pÃ¥ sammen med adresse,den var blevet fjernet pÃ¥ Filippinerne efter ankomsten, nu bÃ¸vlet vi med at fÃ¥ udleveret, efter mere end 4 mÃ¥neder. Vil ikke bruge UPS fremover",1,negative,negative,0.003,0.007,0.991
Jamen hurtig levering,Jamen hurtig levering,5,positive,positive,0.969,0.026,0.006
Tilfreds kunde ğŸ¤™,Pakken kom som oplyst og fint sat tÃ¦t pÃ¥ hoveddÃ¸ren.,5,positive,neutral,0.003,0.994,0.002
Extreme dÃ¥rlig service fra start tilâ€¦,Extreme dÃ¥rlig service fra start til slut.. de overholder ikke hvad de lover! Har ventet pÃ¥ en pakke som har vÃ¦ret fejl sorteret flere gang under dens forlÃ¸b..meget dÃ¥rlige kundeservice over tlf. Find en anden levandÃ¸r af din post/pakke.,1,negative,negative,0.002,0.001,0.997
DÃ¥rlig levering,DÃ¸rlig leveringLevere i brugsen i stedet for i min pakkepostkasse.Sendt en pakke returmed pÃ¥ stad om forkert adresse. Det er ikke rigtig.,1,negative,negative,0.003,0.015,0.983
Den var blevet aflevert i sakskÃ¸bingâ€¦,Den var blevet aflevert i sakskÃ¸bing Brugs,1,negative,neutral,0.001,0.998,0.001
â€œKunde var ikke hjemmeâ€,"SÃ¥ nu prÃ¸ver de at sige at jeg ikke var hjemme da pakken blev leveret, altsÃ¥ jeg har vÃ¦ret hjemme hele dagenâ€¦",1,negative,neutral,0.14,0.859,0.001
"Hurtig, nem, stabil service","Hurtig, nem, stabil service",5,positive,positive,0.991,0.008,0.002
Svindel,Svindel. Blev opkrÃ¦vet fortolding og gebyr for en vare der er returneret uden at have forladt UK. Vil ikke indrÃ¸mme deres fejl og truede med inkasso. Kommer ALDRIG til at kÃ¸be varer i UK igen nogensinde.,1,negative,negative,0.001,0.001,0.998
Pakken blev leveret som aftalt og tilâ€¦,Pakken blev leveret som aftalt og til tiden,5,positive,neutral,0.002,0.998,0.0
No problems!,No problems!,5,positive,negative,0.194,0.141,0.665
Op ad bakke,"Jeg bestilte genlevering af min pakke , da pakken var blevet forsÃ¸gt leveret dem dag. jeg fik besked om, at den ikke kunne leveres (costumer not available), SELVOM der var nogen hjemme hele dagen og pÃ¥ det tidspunkt, der stod, den blev forsÃ¸gt leveret.Over chatten aftalte jeg ny levering dagen efter, men der skete ingenting, selvom der var nogen hjemme for at tage imod. Ingen besked, mail eller opkald. Ingenting.  Sidste gang, fedex skulle levere en pakke, brugte jeg en hel dag hjemme, men fik alligevel en mail om, at pakken var forsÃ¸gt leveret, men at der ikke var nogen hjemme - SELVOM der var nogen hjemme. Det er spild af alles tid. Og som kunde fÃ¸ler man sig virkelig holdt for nar, nÃ¥r man troligt sidder og venter i timevis for at fÃ¥ en lÃ¸gn smidt i hovedet om, at man ikke er hjemme. Det tror jeg godt, I selv kan se.Desuden fÃ¥r man besked om et 'door tag', der skal informere om, hvis der bliver lavet et andet leveringsforsÃ¸g. Der har ingen af gangene vÃ¦ret sÃ¥dan et. Derfor mÃ¥ man selv tage kontakt. Men det burde ikke vÃ¦re min opgave at kontakte jer for at lave en ny aftale, nÃ¥r der sker fejl med en levering. Det burde vÃ¦re omvendt. Ã…benlyst.HÃ¥ber, I kan bruge mit input.",1,negative,neutral,0.005,0.994,0.002
ForfÃ¦rdelig oplevelse med UPS,"Jeg skriver sjÃ¦ldent pÃ¥ Trustpilot.Men denne krÃ¦ver desvÃ¦rre at jeg mÃ¥ ud med min oplevelse.Jeg sender en pakke i November hvor jeg brugte sort folie udenpÃ¥ en papkasse hvilket ikke var indenfor UPS normen.Dette kostede en afgift pÃ¥ 33DKK.Men regningen lÃ¸d pÃ¥ 340,25DKK pga afgifter osv til UPS.Ingen kunne uddybe i detaljer hos UPS.Men var i tvivl da der stod pÃ¥ fakturaen.""Denne skal ikke betales"".I pÃ¥stod den stadig skulle betales.Ydermere var jeres betalingsoplysninger meget sparsomme. Ingen kunne svare pÃ¥ reg og konto nummer hvor jeg skulle betale til.Betalte to dage senere. D. 21/12.Pengene er trukket fra min konto.Idag ligger der sÃ¥ en ny regning fra Jer i postkassen.I jeres kundeservice gider i ikke svare pÃ¥ spÃ¸rgsmÃ¥l men hentyder til man bruger jeres online formular pÃ¥ jeres hjemmeside.Skriver sÃ¥ dÃ©r..Pengene var alligevel modtaget.Jeg er ked af det UPS.Men det er simpelthen under al kritik.",1,negative,neutral,0.01,0.573,0.417
Hurtig levering,Hurtig levering,4,positive,positive,0.953,0.045,0.002
Hurtig levering.,Hurtig levering.,5,positive,positive,0.952,0.044,0.004
Hurtig og problemfri levering,Hurtig og problemfri levering. Samt hÃ¸flig levering med et smil.,5,positive,positive,0.998,0.001,0.001
Altid gode oplevelse med post nord bÃ¥deâ€¦,Altid gode oplevelse med post nord bÃ¥de med pakker og breve. VÃ¦lger altid post nord frem for andre.,5,positive,positive,0.99,0.009,0.001
Tak tak,God tak tak tak,5,positive,positive,0.999,0.0,0.001
Hurtig levering,Hurtig levering,5,positive,positive,0.953,0.045,0.002
Opkald fÃ¸r levering,Opkald fÃ¸r leveringNemt og bekvemt.Havde mulighed for at bestemme leveringsdag via mobil.,5,positive,positive,0.882,0.112,0.006
Aldrig oplevet et system sÃ¥ ringe somâ€¦,"Aldrig oplevet et system sÃ¥ ringe som deres. Anmoder om Ã¦ndring af leveringssted, kan ikke logge pÃ¥ deres system da den mener jeg bor i USA men kan heller ikke afbryde anmodningen. Aldrig oplevet et system sÃ¥ kompliceret og dÃ¥rlig. Deres kundeservice er ligeledes udueligt!",1,negative,negative,0.016,0.014,0.971
Alt var i orden.,Alt var i orden.Hurtig levering.,5,positive,positive,0.986,0.012,0.002
OpkrÃ¦ver ekstra gebyrer!!!,"Kunne jeg give 0-stjerner til UPS Danmark havde jeg gjort det!!Jeg har betalt fragt pÃ¥ ca. 250 kr. for en pakke fra England, hvilket er okay. MEN sÃ¥ modtager jeg en faktura fra UPS nogle uger efter modtagelsen af min pakke med en efterregning pÃ¥ 425 kr!!! 50 kr. er hÃ¥ndteringsgebyr til Toldekspedition - fair enough! Men jeg bliver derudover faktureret 75 kr. pr. linje pÃ¥ min faktura, som overskrider de fÃ¸rste 5 linjer. Dvs. jeg har kÃ¸bt nogle varer til en vÃ¦rdi af ca. 25 kr. og det skal jeg betale et gebyr for pÃ¥ 75 kr. pr. linje - det giver ingen mening!! Min anbefaling gÃ¥r pÃ¥ at bruge et andet firma, ikke UPS!!!!",1,negative,positive,0.766,0.087,0.147
Forkert belÃ¸b oplyst ved betaling af toldafgift,"Da vi skulle betale toldafgift, oplyste chauffÃ¸ren et belÃ¸b, men glemte at sige at det var det belÃ¸b + 0,79 kr.Det har sÃ¥ resulteret i at jeg har modtaget en rykker for manglende betaling, efterfulgt af et indviklet forlÃ¸b med lange ventetider i telefonen og kundeservicemedarbejdere, der var i tvivl om hvordan det skulle lÃ¸ses. Det endte med at jeg fik et kontonr, som jeg sÃ¥ overfÃ¸rte 79 Ã¸re til, for ikke at blive overdraget til inkasso. Og alt dette kunne have vÃ¦ret undgÃ¥et, hvis vi ved betaling havde fÃ¥et oplyst det korrekte belÃ¸b...",2,negative,negative,0.008,0.198,0.794
Hurtig og sikker levering til min brugâ€¦,Hurtig og sikker levering til min brug i Hornum ğŸ¤—,5,positive,positive,0.997,0.003,0.0
Varen blev afleveret helt som aftalt,"Varen blev afleveret helt som aftalt, mange tak",5,positive,positive,0.999,0.001,0.001
â€˜ForsÃ¸gt leveretâ€™.,â€˜ForsÃ¸gt leveretâ€™.. jeg var hjemme og de har ikke engang ringet pÃ¥..,1,negative,neutral,0.103,0.878,0.02
Nul kundeservice,"Nul kundeservice - afleverer ikke pakken og mener at have fÃ¥et forkert adresse, som man ikke kan opdatere pÃ¥ deres hjemmeside.",1,negative,negative,0.002,0.168,0.83
Pakken kom inden vi kÃ¸rte i byen,"Pakken kom inden vi kÃ¸rte i byen. Jeg synes at spÃ¦ndet fra kl. 8.00 til kl. 21.00 er meget stort, nÃ¥r der stÃ¥r at man skal vÃ¦re hjemme",5,positive,neutral,0.106,0.89,0.004
Amazon-Postnord altid 5 stjerner.,PostNord er de senere Ã¥r kommet pÃ¥ rette spor.Altid 5-stjernet oplevelse for hurtig ekspedition ogadvisering via mail og SMS.SÃ¥dan skal og bÃ¸r det vÃ¦re i 2023. Tak.,5,positive,positive,0.999,0.0,0.001
Ret elendigt,"Bestilte min pakke tidligt om morgenen den 19/3, kort tid efter var den blevet afsendt. Egentlig gik det ret hurtigt fra pakken blev afsendt i Holland til den var i Danmark, problemet var bare, at da den sÃ¥ endelig var i Glostrup den 21/3, var den stadig blot registreret til at vÃ¦re i deres pakkecentral, kl. 17. Jeg ringede til deres support og hÃ¸rte hvad det kunne skyldes, da jeg havde fÃ¥et mail om at den var ude til levering mange timer fÃ¸r. Supporten fortalte at den pÃ¥gÃ¦ldende medarbejder havde OVERSET pakken og derfor ikke var kÃ¸rt ud med den.  Heldigvis var der en anden medarbejder hos UPS som boede tÃ¦t pÃ¥, og kunne komme forbi med pakken efter arbejdstid, hvilket jo er sÃ¸dt nok af den medarbejder, men stadig overordnet set ikke godt nok af UPS.",2,negative,neutral,0.009,0.983,0.008
PrÃ¦cis levering til tiden og lige tilâ€¦,PrÃ¦cis levering til tiden og lige til dÃ¸ren,5,positive,positive,0.811,0.186,0.003
Pakke til tiden,Pakke til tiden,5,positive,neutral,0.002,0.997,0.001
HÃ¸flig og venlig levering til tiden,HÃ¸flig og venlig levering til tiden,5,positive,positive,0.989,0.01,0.001
Er lÃ¸bende blevet orienteret  og pakkenâ€¦,Er lÃ¸bende blevet orienteret  og pakken modtaget som aftalt.,5,positive,neutral,0.009,0.99,0.001
Hurtig levering,Hurtig levering,5,positive,positive,0.953,0.045,0.002
Det er en skandale,"Det er en skandale. Fik sms 07.12 at pakke var ankommet. Skulle angive hvor den skulle leveret. Valgte hjemmelevering. SIDEN DA HAR JEG IKKE FÃ…ET NOGEN SMS. Har siden tracked min sending flere gange og ringet flere gange, da jeg kunne se de ikke kunne levere den pga jeg ikke var hjemme? Jeg er dÃ¥rligt gÃ¥ende pensionist. Kan samtidigt sige at jeg har fÃ¥et 7 andre pakker fra gls/postnord i denne mÃ¥ned uden problemer. Ved sidste samtale ville de som ved tidligere samtaler omdirigere til hjemmelevering, men angav samtidig at grunden til at ikke kunne levere, da de ikke kunne finde min adresseğŸ¤”. Har stadig ikke fÃ¥et leveret og pÃ¥ tracking stÃ¥r. Delevery reception. HAR IKKE FÃ…ET SMS OM ALLE DE Ã†NDRINGER DER HAR VÃ†RET. Har sÃ¥ idag ringet til den forretning som er afhentningsted. Den ligger der. Fra ankomsten til nu er gÃ¥et 3 uger.",1,negative,neutral,0.02,0.568,0.412
De er bare nogle stoddere,Hvorfor har man et fragtfirma der ikke udlevere pakker? Eller banker pÃ¥ dÃ¸ren? SpÃ¸rgsmÃ¥l UPS den dag i dag stadig ikke har besvaret. Kedelig opfÃ¸rsel!,1,negative,negative,0.001,0.0,0.998
Super hurtig levering.,"Super hurtig levering.2 dage efter, havde jeg min pakke i postkassen.",5,positive,positive,0.994,0.005,0.001
Hurtig betjening,Hurtig betjening,5,positive,positive,0.993,0.005,0.002
ENDNU EN MÃ˜G ELENDIG OPLEVELSE MEDâ€¦,"ENDNU EN MÃ˜G ELENDIG OPLEVELSE MED DETTE FORBANDEDE MÃ˜G FIRMA OG DERES ELENDIGE INDVANDRE CHAUFFÃ˜RE!Jeg er sÃ¥ dÃ¸dtrÃ¦t af at se en eller anden idiot, parkere for at skulle aflevere pakkerne og sÃ¥ bare smider dem et sted, selvom man er hjemme og decideret kan stÃ¥ og glo pÃ¥ dem!DENNE GANG, er jeg bÃ¥de hjemme, klar osv. Spaden kommer ind af indkÃ¸rslen og da det er et par tunge pakker, sÃ¥ gÃ¥r jeg ud og tager sko pÃ¥ for at gÃ¥ ned og hjÃ¦lpe til, inden jeg nÃ¥r ned er han allerede pÃ¥ vej vÃ¦k igen og pakken er ikke engang sat, det hele er blevet markeret som ""forsÃ¸gt leveret""... jeg stÃ¥r decideret udenfor og glor pÃ¥ bilen der kÃ¸re ud af min indkÃ¸rsel...I er en omgang forbandede amatÃ¸rer & elendige fuskere.",1,negative,negative,0.004,0.001,0.995
"Tag gls, dhl eller endda postnord. Bare ikke Ups","2 stjerner fordi pakken kom frem, og ikke var beskadiget. Hvilket jo er grundessensen af et fragtfirma.Men; forsinkelse pÃ¥ 2 dage. Det er umuligt at logge ind pÃ¥ jeres side, hvis man skal Ã¦ndre adresse, hvilket man ikke kan fordi i ikke kan forbinde mit login med min kÃ¸bte pakke. Hele login systemet er slet ikke brugervenligt og totalt ubrugeligt for slet ikke at tale om appâ€™en. Det eneste positive jeg vil sige er at der kommer maaaaaaaange mails om hvor langt pakken er (fÃ¸rst pÃ¥ dansk, sÃ¥ pÃ¥ engelsk) men ikke engang fÃ¸rste forsinkelse fik jeg noget info om. Det er sÃ¥ trÃ¦ls hvis man stÃ¥r klar derhjemme heeele dagen for at modtage noget der ikke kommer.SÃ¥ det er godt at navnet er Ups fordi sÃ¥dan er hele processen",2,negative,negative,0.003,0.02,0.978
Super,Hurtig forsendelse direkte til dÃ¸ren,5,positive,positive,0.867,0.126,0.006
Af en eller anden grund har PostNordâ€¦,Af en eller anden grund har PostNord oppet sig med min pakkelevering denne gang. Ja jeg er meget tilfreds denne gang.  Vh. EC.,5,positive,positive,0.998,0.0,0.001
sender uforstÃ¥lige sms og mail om enâ€¦,sender uforstÃ¥lige sms og mail om en vare fra australien. bliver ked af det hvis jeg ikke fÃ¥r den. De har kostet mig flere tusinde. UndgÃ¥ dem hvis det er muligt.,1,negative,negative,0.002,0.001,0.997
Vi har den sÃ¸deste post dame,"Vi har den sÃ¸deste post dame, hun er smilende - venlig og glad.",5,positive,positive,0.998,0.001,0.001
Hurtigt levering,Hurtigt levering,5,positive,positive,0.926,0.07,0.005
Perfekt,"Perfekt. Pakken kom hurtigt, og jeg fik besked.Bare I var lige sÃ¥ hurtige med brevpost.",5,positive,positive,0.984,0.013,0.003
Perfect og venlig postmand leveret til dÃ¸ren.,Perfect og venlig postmand leveret til dÃ¸ren.,5,positive,positive,0.998,0.001,0.001
Havde fÃ¥et besked,"Havde fÃ¥et besked, dagen fÃ¸r, om at en pakke ville blive leveret. Buddet kom rigtig nok i dag og ringede pÃ¥ ved opgangen. Jeg lukkede op, men buddet valgte Ã¥benbart at lade vÃ¦re med at gÃ¥ ind. Nu har jeg sÃ¥ fÃ¥et besked om at jeg ikke var hjemme og pakken vil havne pÃ¥ et fjernt afhentningssted. UtrovÃ¦rdig og elendig service.",1,negative,negative,0.011,0.004,0.985
Hvis jeg kunne give 0 stjerner,"Hvis jeg kunne give 0 stjernerHavde jeg gjort detDe fÃ¥r kun 1 stjerne da det er internationalt. Men FedEx har den dÃ¥rligste service, nÃ¥r man ringer til dem over telefonen. Enten kommer man igennem efter 30 min eller over 1 time, ellers sÃ¥ kommer man slet ikke gennem efter den musik, hvor der bare bliver lagt pÃ¥.Hvis man er heldig at komme igennem, for at spÃ¸rge hvor langt ens pakke eller pakker kommer, kan de ikke svare pÃ¥ det. Det er sÃ¥ umuligt, at de ikke kan ringe til deres chauffÃ¸r for at se, hvor langt de er. Deres chauffÃ¸r eller FedEx kan selvfÃ¸lgelig ikke ringe og oplyse deres kunder om noget som helst, selvom de kan og har numrene til deres kunder. NÃ¥r der sÃ¥ stÃ¥r planlagt levering senest kl 18, sÃ¥ skal pakken eller pakkerne komme inden kl 18. Da jeg lige pludseligt trackede min pakke, kunne jeg se at den var kÃ¸rt tilbage til terminalen. Da jeg sÃ¥ kom igennem telefonen, fÃ¥r jeg sÃ¥ af vide at chauffÃ¸ren ikke arbejder til kl 18 og de mÃ¥ ikke overarbejde. Det er da helt mystisk",1,negative,neutral,0.005,0.962,0.033
Har heldigvis haft flere gode nu,Har heldigvis haft flere gode nu. Dejligt det er lÃ¦nge siden der har vÃ¦ret en dÃ¥rlig. Haft samme chauffÃ¸r pÃ¥ en del afleveringer og fuldt ud tilfredsğŸ‘ğŸ¼,5,positive,positive,0.998,0.0,0.002
Rart at fÃ¥ leveret til dÃ¸r,Rart at fÃ¥ leveret til dÃ¸r. ğŸ˜Š25.o4.2023,4,positive,positive,0.998,0.001,0.002
Som altid bare i orden,Som altid bare i orden,5,positive,positive,0.932,0.063,0.005
Hurtig levering efter afhentning hosâ€¦,Hurtig levering efter afhentning hos sÃ¦lger,5,positive,neutral,0.166,0.83,0.004
hurtig levering,hurtig levering,5,positive,positive,0.953,0.045,0.002
Ren og pÃ¦n og hurtig leveringâ€¦,Ren og pÃ¦n og hurtig levering indstillet ved dÃ¸ren som Ã¸nsket!,5,positive,positive,0.998,0.001,0.002
Hurtig og god behandling,Intet at udsÃ¦tte !,5,positive,negative,0.002,0.002,0.996
DÃ¥rligt firma,Fik en pakke afhentet 28/9.Nu er pakken forsvundet.Flere henvendelser til firmaet har vÃ¦ret forgÃ¦ves. Pakken er og bliver vÃ¦k.,1,negative,neutral,0.022,0.651,0.327
Hurtig levering,God forsendelse,5,positive,positive,0.995,0.005,0.001
Hurtig og nem levering,hurtig og nem levering,5,positive,positive,0.976,0.022,0.002
